,Codigo_Municipio,Codigo_Municipio Latitude,Codigo_Municipio Longitude,Venue,Venue Latitude,Venue Longitude,Venue Category
0,25183,5.1447,-73.6858,Villa cecilia,5.141552135202126,-73.69103427229075,Restaurant
1,25183,5.1447,-73.6858,parador punto exacto,5.148967065229117,-73.68159502386054,Arepa Restaurant
2,25183,5.1447,-73.6858,Mis Antojitos,5.143400733387771,-73.68993412524381,Coffee Shop
3,25183,5.1447,-73.6858,Panaderia Y Cafeteria Los Cristales,5.143877272411246,-73.6897856214946,Breakfast Spot
4,25426,5.0815,-73.6076,Machetá,5.080417180734531,-73.60860661777923,City
5,25426,5.0815,-73.6076,Plaza de Mercado,5.081206662725886,-73.60830762014481,Plaza
6,25426,5.0815,-73.6076,"Hotel, Camping Y Spa El Zhay",5.078642790653976,-73.60512786852432,Campground
7,25426,5.0815,-73.6076,Polideportivo Municipal,5.079526424407959,-73.6112289428711,Soccer Field
8,25436,5.0086,-73.5412,Manta,5.008645505750266,-73.54143151245908,Historic Site
9,25436,5.0086,-73.5412,Parque central de Manta,5.00861323855486,-73.5412465128398,Park
10,25736,5.0446,-73.7972,Plaza Central de Sesquilé,5.044694344937485,-73.79656149400454,Plaza
11,25736,5.0446,-73.7972,Sesquile restaurante sol y luna,5.04317706620786,-73.7979163361972,BBQ Joint
12,25736,5.0446,-73.7972,Frida Cacao Chocolateria,5.051328954619856,-73.79629635748334,Dessert Shop
13,25736,5.0446,-73.7972,Covadonga,5.041089087048773,-73.79042526034969,Stables
14,25736,5.0446,-73.7972,Restaurante Campestre Manairos,5.037710189819336,-73.802978515625,Steakhouse
15,25772,5.1029,-73.7985,Suesca,5.103111911841173,-73.79874929884177,Resort
16,25772,5.1029,-73.7985,Casona Quesada,5.10394,-73.79947,Hotel
17,25772,5.1029,-73.7985,Plaza Central de Suesca,5.102895700716542,-73.79891589095222,Park
18,25772,5.1029,-73.7985,Informacion Turistica,5.098619,-73.795372,Tourist Information Center
19,25807,5.0523,-73.5046,Parque Central,5.053098,-73.505373,Park
20,25807,5.0523,-73.5046,Donde Ceci Salon De Onces,5.051370033037148,-73.50793511439876,Tea Room
21,25873,5.2162,-73.5949,parque central Villapinzón,5.216390610903596,-73.59463376613469,Park
22,25873,5.2162,-73.5949,Nacimiento río Bogotá,5.216749949865132,-73.59638186178138,Lake
23,25873,5.2162,-73.5949,Piqueteadero Doña Rufina,5.216661693062837,-73.59647961669424,Latin American Restaurant
24,25873,5.2162,-73.5949,Servitel comunicaciones,5.2161047,-73.5965709,Advertising Agency
25,25873,5.2162,-73.5949,Brasas y sacaron,5.215554,-73.59695,BBQ Joint
26,25873,5.2162,-73.5949,La Habana,5.214356574356323,-73.59761817051418,Bar
27,25873,5.2162,-73.5949,Droguería Colsubsidio Villapinzón,5.217576295845631,-73.59174552214051,Pharmacy
28,25873,5.2162,-73.5949,piedra del diablo,5.222591342669124,-73.59071774832253,River
29,25001,4.3765,-74.67,Parque Central Agua De Dios Cundinamarca,4.376906184032699,-74.66924146337708,Plaza
30,25001,4.3765,-74.67,parque de los pies descalzos Medellín,4.377718448638916,-74.66221618652344,National Park
31,25307,4.31,-74.81,Hamburguesas El Corral,4.305322135283258,-74.80340424655613,Burger Joint
32,25307,4.31,-74.81,Restaurante Assao Parrilla Bar,4.308427140735856,-74.80420231819153,Steakhouse
33,25307,4.31,-74.81,Popsy Girardot,4.304878112543891,-74.80356794217165,Ice Cream Shop
34,25307,4.31,-74.81,Tiendas Jumbo Girardot,4.304820129815552,-74.80383882867508,Department Store
35,25307,4.31,-74.81,Harry's Pizza,4.304219498488569,-74.80420896581181,Pizza Place
36,25307,4.31,-74.81,Canchas de Voleibol - Girardot,4.305747157409724,-74.8119807243347,Volleyball Court
37,25307,4.31,-74.81,Coliseo Martha Catalina Daniels,4.303858425580691,-74.81105274474257,Basketball Stadium
38,25307,4.31,-74.81,Terminal de Transporte - Girardot,4.302436096500546,-74.80512902921949,Bus Station
39,25483,1.2899,-77.3572,Puerto El Encano,1.289303,-77.362178,Harbor / Marina
40,25488,4.306,-74.6208,Nibar,4.305783,-74.621453,Bar
41,25488,4.306,-74.6208,Arepas Don Mancho,4.307002,-74.619957,Bagel Shop
42,25488,4.306,-74.6208,Aquafrios Los Panches,4.305421,-74.621417,Juice Bar
43,25488,4.306,-74.6208,El Oasis De Nilo Billares,4.307563,-74.619117,Pool Hall
44,25612,4.2808,-74.7647,Puerto Peñalisa,4.275505366351598,-74.76324324781483,Golf Course
45,25612,4.2808,-74.7647,Carulla Peñalisa,4.2755363460800355,-74.75772381208473,Grocery Store
46,25612,4.2808,-74.7647,Ricaurte,4.281006333682286,-74.77199144319573,City
47,25612,4.2808,-74.7647,Villa Ricaurte,4.2778127185192485,-74.77179050445557,Hotel
48,25612,4.2808,-74.7647,Sopas de mamá y postres de la abuela - Peñalisa,4.275439,-74.757865,Latin American Restaurant
49,25815,4.4582,-74.6343,Parque de Tocaima,4.457976383496237,-74.6340588502678,Park
50,25815,4.4582,-74.6343,Mandarina Café & Helado,4.45762140292042,-74.63532264505606,Ice Cream Shop
51,25815,4.4582,-74.6343,Hotel La Mansion,4.457314819282952,-74.63607748636112,Resort
52,25815,4.4582,-74.6343,Terminal tocaima,4.45647305510225,-74.64079516907604,Bus Station
53,25148,5.3464,-74.4915,Plaza Principal Caparrapi,5.34594120655169,-74.49144794282782,Park
54,25320,5.0669,-74.595,Plaza Principal de Guaduas,5.067447473106417,-74.59525735870912,Plaza
55,25320,5.0669,-74.595,Casa De La Pola,5.066772572135372,-74.59590616450689,History Museum
56,25320,5.0669,-74.595,El Nectar,5.064896923631962,-74.59459060089547,Bakery
57,25320,5.0669,-74.595,El Néctar,5.067601933781918,-74.59490519307728,Dessert Shop
58,25320,5.0669,-74.595,Salome,5.0678977207339475,-74.59541425928857,Food Court
59,25320,5.0669,-74.595,Helados Ana María,5.067428783053229,-74.59445332411391,Dessert Shop
60,25320,5.0669,-74.595,Restaurante La Glorieta,5.070370331151279,-74.60058059694722,Diner
61,25572,5.462999999999999,-74.6544,Donde Fanny,5.4647510966497475,-74.6532435079817,Latin American Restaurant
62,25572,5.462999999999999,-74.6544,Puerto de La Dorada,5.45503100808906,-74.65521617476014,Beer Garden
63,25019,4.8766,-74.4377,Parque Principal Alban,4.876678,-74.43718,Park
64,25019,4.8766,-74.4377,Nuevo Jalisco,4.881801128387451,-74.43977355957031,Restaurant
65,25489,5.1261,-74.3849,Laguna Liverpool,5.121443,-74.382947,Lake
66,25489,5.1261,-74.3849,Finca El Cairo,5.119012594316168,-74.38069106174041,Campground
67,25489,5.1261,-74.3849,Camping El Cairo Nimaima Reserva Natural,5.118974,-74.380499,Campground
68,25658,4.9737,-74.2901,Parque Central San Francisco,4.975133967276428,-74.28926618025423,Park
69,25658,4.9737,-74.2901,"El Quijote, San Francisco, cundinamarca",4.974459,-74.288154,Spanish Restaurant
70,25658,4.9737,-74.2901,Medieval,4.973878368821657,-74.28755428112753,Pizza Place
71,25658,4.9737,-74.2901,pizzería medieval café,4.978037357330322,-74.2900619506836,Fast Food Restaurant
72,25658,4.9737,-74.2901,Finca Las Camelias,4.977601,-74.287325,Rest Area
73,25658,4.9737,-74.2901,El jardín encantado,4.978664,-74.293724,Farm
74,25658,4.9737,-74.2901,San Francisco de Sales,4.966193059229898,-74.2898003478462,Farm
75,25718,4.9638,-74.4348,Sasaima,4.963957227671705,-74.43377094801224,Park
76,25718,4.9638,-74.4348,Parque principal Sasaima,4.96384852114497,-74.434413820911,Park
77,25718,4.9638,-74.4348,Pizería Verace,4.963399,-74.434282,Pizza Place
78,25718,4.9638,-74.4348,"Centro de Investigación y Capacitación ""La Isla""",4.967339752252585,-74.43726896823713,Resort
79,25777,5.061,-74.2372,Finca tierra de Canaan,5.059028417910074,-74.22968560776701,Farm
80,25851,5.1873,-74.48100000000001,Plaza Central Útica,5.188812042173328,-74.47969770141826,Plaza
81,25851,5.1873,-74.48100000000001,ÚticaXtrema,5.188055816200534,-74.48151111602782,Rafting
82,25851,5.1873,-74.48100000000001,Dosis Verde,5.186628568303381,-74.48302882875691,Campground
83,25851,5.1873,-74.48100000000001,Hotel Abacoa,5.189223289489746,-74.47955322265625,Hotel Pool
84,25851,5.1873,-74.48100000000001,El Escape,5.192748271109034,-74.48313185230695,Campground
85,25851,5.1873,-74.48100000000001,Cerro Alto De La Cruz,5.188996085197182,-74.47344303131104,Mountain
86,25862,5.1184,-74.3455,donde rosita,5.118439,-74.345297,Restaurant
87,25875,5.0089,-74.4723,Villeta,5.008351349558453,-74.47304098123706,Rest Area
88,25875,5.0089,-74.4723,Parque Principal Villeta,5.011197734311612,-74.47040798714515,Plaza
89,25875,5.0089,-74.4723,La Terraza,5.010821081817922,-74.47044233079987,Restaurant
90,25875,5.0089,-74.4723,Villeta Resort Hotel,5.00878660436588,-74.46531887034502,Resort
91,25875,5.0089,-74.4723,Cune Club,5.011747492370517,-74.46560252076685,Spa
92,25875,5.0089,-74.4723,Hotel Mediterraneo Villeta,5.0110987656664285,-74.47318082518912,Hotel
93,25875,5.0089,-74.4723,Plaza de Mercado,5.009447194494641,-74.47152987640013,Farmers Market
94,25875,5.0089,-74.4723,Hotel Casablanca Boutique,5.007867172560123,-74.47606887573845,Hotel
95,25293,4.6924,-73.5204,Parque Principal De Gachalá,4.693944,-73.51994,Park
96,25293,4.6924,-73.5204,Hotel Paraíso,4.6915853596216115,-73.51913537447653,Hotel
97,25293,4.6924,-73.5204,Frutería Y Comidas Rápidas Doña Flor,4.6946077,-73.5197,Fast Food Restaurant
98,25293,4.6924,-73.5204,Embalse el Guavio,4.695983623878056,-73.51582195438726,Lake
99,25297,4.8185,-73.6366,Parque Gachetá,4.817459973089627,-73.63596881522936,Park
100,25297,4.8185,-73.6366,Charcuteria SUIZO,4.8167527519014355,-73.63687143551054,Restaurant
101,25322,4.8660000000000005,-73.8775,Guasca,4.866795573338211,-73.87754320534589,Hot Spring
102,25322,4.8660000000000005,-73.8775,Parque Central Guasca,4.866759217987749,-73.87784788297793,Plaza
103,25322,4.8660000000000005,-73.8775,La Especial,4.867064791275534,-73.87533242044879,Bakery
104,25322,4.8660000000000005,-73.8775,via Guasca-Guatavita,4.867300148894263,-73.88604731675568,Scenic Lookout
105,25326,4.9366,-73.8331,Plaza Central de Guatavita,4.935015268824302,-73.83497691951929,Plaza
106,25326,4.9366,-73.8331,El Machete,4.935985,-73.835401,Coffee Shop
107,25326,4.9366,-73.8331,Plaza de las Comidas Típicas - Guatavita,4.934188,-73.835501,Cajun / Creole Restaurant
108,25326,4.9366,-73.8331,Plaza de la Fuente,4.935688376426697,-73.83502900600433,Plaza
109,25326,4.9366,-73.8331,Museo Guatavita,4.935754306554097,-73.83514922469475,History Museum
110,25326,4.9366,-73.8331,Hostería Guatavita,4.9349963665008545,-73.83523285388947,Latin American Restaurant
111,25326,4.9366,-73.8331,Guatavita Gourmet Café,4.934991,-73.835532,Beer Garden
112,25326,4.9366,-73.8331,Embalse de Guatavita,4.936833113193638,-73.84009111611766,Lake
113,25372,4.7903,-73.6601,Junin Cundinamarca,4.790331388699348,-73.66364353045073,Plaza
114,25377,4.7207,-73.9693,Casa Municipal de La Calera,4.719927519267969,-73.96895012216255,Historic Site
115,25377,4.7207,-73.9693,Olivar Delicias Campesinas La Calera,4.719850884369086,-73.96901160790436,Bakery
116,25377,4.7207,-73.9693,Restaurantes de carretera la calera,4.720072606736789,-73.96705247348862,Breakfast Spot
117,25377,4.7207,-73.9693,Asadero De Arepas La Caleruna,4.720170015138988,-73.96698943016919,Arepa Restaurant
118,25377,4.7207,-73.9693,Superdroguería Olímpica La Calera,4.719654333273028,-73.96895170211792,Pharmacy
119,25377,4.7207,-73.9693,Restaurante Villa Peruana,4.720526,-73.966467,Peruvian Restaurant
120,25377,4.7207,-73.9693,Tu Estación Café,4.7209374269199404,-73.9680290222168,Café
121,25095,4.8725,-74.5393,Bituima,4.87201484782923,-74.53891592514422,Department Store
122,25328,4.8774,-74.4674,Restaurante Mi Mama,4.876471,-74.4671,Restaurant
123,25328,4.8774,-74.4674,El Turista,4.877681,-74.465984,BBQ Joint
124,25662,4.8478,-74.6215,El Deleite,4.8457193,-74.622765,Coffee Shop
125,25662,4.8478,-74.6215,Parque Principal San Juan De Rioseco,4.845452950582781,-74.6224182844162,Historic Site
126,25867,4.8738,-74.5624,Viani,4.874565239216674,-74.56239501535318,Rest Area
127,25867,4.8738,-74.5624,Parque principal de Viani,4.874540332062195,-74.5627909509089,Park
128,25438,4.5101,-73.3498,Parque principal - Medina,4.509675979614258,-73.35075378417969,Park
129,25530,4.3758,-73.2155,Paratebueno,4.376312178005474,-73.21444361069834,Plaza
130,25530,4.3758,-73.2155,Paratebueno,4.3770987291409105,-73.2186026577787,Diner
131,25151,4.4057,-73.9468,Parque Central,4.405802157052409,-73.94603501146374,Park
132,25151,4.4057,-73.9468,Restaurante Maria E,4.404998707669443,-73.94757479708639,American Restaurant
133,25151,4.4057,-73.9468,La Heladeria Café- Bar,4.40545651810004,-73.94636361091877,Snack Place
134,25151,4.4057,-73.9468,Hotel La Puerta Del Llano,4.405503310914798,-73.94797087053819,Hotel
135,25151,4.4057,-73.9468,19|32,4.405062,-73.946286,Restaurant
136,25151,4.4057,-73.9468,La Pampa,4.407909,-73.948857,Restaurant
137,25151,4.4057,-73.9468,Club Penalty Fútbol 5,4.408596977251451,-73.94830166913984,Soccer Field
138,25151,4.4057,-73.9468,Delicias los parrado,4.413213615638119,-73.94525000177941,Coffee Shop
139,25151,4.4057,-73.9468,La Vara Asados,4.414539404781894,-73.94845304581948,BBQ Joint
140,25151,4.4057,-73.9468,La vara,4.41447144146648,-73.9485606961368,Bed & Breakfast
141,25178,4.4425,-74.0442,parque central chipaque,4.442628800187496,-74.04303933296426,Park
142,25178,4.4425,-74.0442,El Huerto Orgánico,4.443557763907542,-74.04411940244677,Health Food Store
143,25178,4.4425,-74.0442,mustapan chipaque,4.44338092644943,-74.04434744262724,Bakery
144,25178,4.4425,-74.0442,Cantera Gmina S.a.s,4.449618594354415,-74.0432171905089,Mountain
145,25178,4.4425,-74.0442,Stop & Ville,4.448912728158538,-74.04047472341162,Bar
146,25181,4.529,-73.9227,El Campanario,4.52905622406091,-73.92194310472316,Mexican Restaurant
147,25181,4.529,-73.9227,"Restaurante Suizo, Choachí",4.527822160144626,-73.92341829613665,Swiss Restaurant
148,25181,4.529,-73.9227,Choachi,4.529161567183062,-73.92288461984715,Park
149,25181,4.529,-73.9227,La Montaña,4.52849835768315,-73.92223015250043,Burger Joint
150,25181,4.529,-73.9227,"Plaza Central, Choachi",4.528828641362131,-73.92299943845262,Plaza
151,25181,4.529,-73.9227,Choachimilco,4.529583,-73.922686,Hotel
152,25181,4.529,-73.9227,La Bella Suiza Choachí,4.534803,-73.919186,Swiss Restaurant
153,25279,4.488,-73.8975,Hotel el Parque Fómeque,4.486594739436847,-73.89556734867192,Hotel
154,25279,4.488,-73.8975,"Parque ""Jesús Maestro""",4.485968777513931,-73.8951137509176,Park
155,25335,4.2147,-73.8172,Restaurante,4.218794642068464,-73.81599371358524,Snack Place
156,25339,4.2547,-74.0025,"Gutiérrez, Cundinamarca",4.253916,-74.002311,Mountain
157,25841,4.4867,-73.9375,Parque Principal De Ubaque,4.48281377013649,-73.93463595197066,Park
158,25845,4.4031,-74.0253,Parque principal Une,4.403532312042301,-74.02485682452063,Tourist Information Center
159,25258,8.9869,-73.947,STANKUSS,8.988683453666836,-73.95054638385773,Beer Bar
160,25394,5.3592,-74.3905,"La palma, Cundinamarca",5.359522069275553,-74.39037488266707,Stables
161,25394,5.3592,-74.3905,Rancho JD,5.3581671714782715,-74.3885726928711,Restaurant
162,25513,5.1328,-74.1598,Restaurante La olla de Barro,5.128779,-74.158964,Soup Place
163,25513,5.1328,-74.1598,Parque Principal Pacho,5.130530700884165,-74.15798639722296,Plaza
164,25513,5.1328,-74.1598,Terminal de Transporte Pacho,5.129680243875301,-74.15885220445612,Bus Station
165,25513,5.1328,-74.1598,Pa'chorizos,5.135985,-74.15885,Latin American Restaurant
166,25513,5.1328,-74.1598,Cafe la Colonia,5.12995609466668,-74.16237273010239,Breakfast Spot
167,25653,7.8771,-72.6243,Distribuciones Jhon Candela,7.8761368907574365,-72.62530625158996,Clothing Store
168,25653,7.8771,-72.6243,San Cayetano,7.882981591030404,-72.6302265728172,Rest Area
169,25871,5.2737,-74.1961,Villagómez - Cundinamarca,5.2737722,-74.19555,Park
170,25885,5.4595,-74.3382,Plaza Principal Yacopi,5.459844388921846,-74.33826162385512,Park
171,25885,5.4595,-74.3382,Fruteria Y Heladeria Laura,5.4585957527160645,-74.33770751953125,Ice Cream Shop
172,25126,4.9186,-74.028,Colombian Ale House,4.920574032874885,-74.02649211643649,Brewery
173,25126,4.9186,-74.028,Parque Cajicá,4.917086678457418,-74.02551668084169,Park
174,25126,4.9186,-74.028,Balú - Restaurante,4.913443,-74.028782,Restaurant
175,25126,4.9186,-74.028,La Fogata,4.920957810221664,-74.02740180460074,Burger Joint
176,25126,4.9186,-74.028,Caprinos,4.9165139152536925,-74.02497732019319,Restaurant
177,25126,4.9186,-74.028,San Alejo,4.913486255043864,-74.02879020712007,Argentinian Restaurant
178,25126,4.9186,-74.028,Koi No Kin,4.914714070227886,-74.02784260366542,Japanese Restaurant
179,25126,4.9186,-74.028,El Político,4.92257675059288,-74.02494768869855,Restaurant
180,25126,4.9186,-74.028,Cielito Lindo Restaurante,4.916493,-74.025191,Mexican Restaurant
181,25126,4.9186,-74.028,Panaderia La Estacion,4.916669223199873,-74.02350450312882,Bakery
182,25126,4.9186,-74.028,Carambola,4.917152106495532,-74.02323299445743,Restaurant
183,25126,4.9186,-74.028,Sol Y Luna Restaurante,4.917019263460856,-74.02685933795517,Restaurant
184,25126,4.9186,-74.028,La Estación,4.916618924077255,-74.02346175220025,Park
185,25126,4.9186,-74.028,La Hacienda Club,4.9170920428775435,-74.03186839830606,Pool
186,25126,4.9186,-74.028,Guachancio,4.918260107817438,-74.02419287682042,Bar
187,25126,4.9186,-74.028,restaurante sanalejo,4.91352376182426,-74.02870822354487,BBQ Joint
188,25126,4.9186,-74.028,La Gran América,4.9215532551528,-74.03477967477708,BBQ Joint
189,25126,4.9186,-74.028,Brasas Llaneras,4.917145,-74.027383,BBQ Joint
190,25126,4.9186,-74.028,Mercado Diana,4.91423920928988,-74.0271060645156,Grocery Store
191,25126,4.9186,-74.028,pietra pizza gourmet,4.917181968688965,-74.02310180664062,Italian Restaurant
192,25126,4.9186,-74.028,Arepitas Pues!,4.920813726222672,-74.03356504390315,Fast Food Restaurant
193,25126,4.9186,-74.028,Escénicas,4.911269246522725,-74.02831073670777,Dance Studio
194,25175,4.8588,-74.0587,Parque Principal de Chía,4.861299,-74.060198,Plaza
195,25175,4.8588,-74.0587,Garnituras,4.863171920590751,-74.06026409448063,BBQ Joint
196,25175,4.8588,-74.0587,El Galápago,4.862709460545227,-74.05910781457158,Steakhouse
197,25175,4.8588,-74.0587,Andrés Carne de Res,4.853900114947841,-74.06504196225032,BBQ Joint
198,25175,4.8588,-74.0587,Panadería La Huerta,4.854962752790843,-74.05612576093131,Bakery
199,25175,4.8588,-74.0587,Cafe Frances,4.861638,-74.060449,Café
200,25175,4.8588,-74.0587,El Punto Del Cerdo,4.865529,-74.0575,Restaurant
201,25175,4.8588,-74.0587,Yorking Food,4.851107,-74.060498,Theme Restaurant
202,25175,4.8588,-74.0587,D Nico Pizza - Parrilla - Restaurante,4.862592203859455,-74.05911468685693,Pizza Place
203,25175,4.8588,-74.0587,Wabi Sushi Y Teppanyaki,4.851388300934396,-74.06308455010047,Sushi Restaurant
204,25175,4.8588,-74.0587,Gourmet Sabana Food Trailer,4.851228260137351,-74.06049726428068,Food Truck
205,25175,4.8588,-74.0587,Jonny's Pizza,4.862776,-74.060087,Pizza Place
206,25175,4.8588,-74.0587,Andres Express,4.853723793110466,-74.06512144098943,Fast Food Restaurant
207,25175,4.8588,-74.0587,Tienda D1 Chia,4.8619886570715645,-74.05356132818356,Market
208,25175,4.8588,-74.0587,cutie,4.861720659694345,-74.05927531877698,Bagel Shop
209,25175,4.8588,-74.0587,Pan pa' Ya,4.8630286877716,-74.05404557928075,Bakery
210,25175,4.8588,-74.0587,Hamburguesas El Corral,4.852351210226502,-74.0628722907326,Fast Food Restaurant
211,25175,4.8588,-74.0587,C.C Plaza Chia,4.863114166752345,-74.05443197705017,Shopping Mall
212,25175,4.8588,-74.0587,Shapelli,4.8550254416098815,-74.06686502166679,Cupcake Shop
213,25175,4.8588,-74.0587,Las Delicias Del Maiz,4.862941412682334,-74.05312531379674,Coffee Shop
214,25175,4.8588,-74.0587,Antíca,4.86009619273506,-74.05436450995597,Italian Restaurant
215,25175,4.8588,-74.0587,Surtifruver De La Sabana,4.861809574080971,-74.05842152082242,Farmers Market
216,25175,4.8588,-74.0587,El Perol,4.853268137065525,-74.06431880884774,Restaurant
217,25175,4.8588,-74.0587,San Nicolás Beer House,4.863253046379473,-74.05132482723016,Pub
218,25175,4.8588,-74.0587,Las Puertas,4.862480751874815,-74.05956789799563,Restaurant
219,25175,4.8588,-74.0587,Gran Fruvar de Chia,4.862461946674274,-74.0537219648102,Market
220,25175,4.8588,-74.0587,Plaza De Mercado El Cacique De Chia,4.859229194824382,-74.06295260511601,Market
221,25175,4.8588,-74.0587,Arepas y Patacos Chia,4.863282814649013,-74.05268356135625,Arepa Restaurant
222,25175,4.8588,-74.0587,Jakuhana - Sushi,4.853587287038162,-74.0645072553949,Sushi Restaurant
223,25175,4.8588,-74.0587,Club el mohan,4.859730725518516,-74.05253439796213,Restaurant
224,25175,4.8588,-74.0587,Asadero Parrilla y Brasa,4.864752342509818,-74.06089310409133,BBQ Joint
225,25175,4.8588,-74.0587,Huitaca,4.8669170746125365,-74.06001537122063,Food
226,25175,4.8588,-74.0587,Arepiz  Chia,4.863162669611632,-74.05119192213674,Food Court
227,25200,5.0605,-73.9793,Piqueteadero San Martin,5.06108955518197,-73.97755927746157,Arepa Restaurant
228,25200,5.0605,-73.9793,Parque Principal De Cogua,5.060227777970159,-73.9786554822566,Park
229,25200,5.0605,-73.9793,El Pino,5.058254484349502,-73.98239101577497,Restaurant
230,25200,5.0605,-73.9793,Granja Los Sauces,5.064479,-73.981351,BBQ Joint
231,25200,5.0605,-73.9793,Represa de Neusa,5.062242551046608,-73.98129553098043,Nature Preserve
232,25200,5.0605,-73.9793,Piqueteadero Trinidad,5.0641483543360675,-73.97920071268095,Restaurant
233,25295,4.9911,-73.8715,Parque Principal De Gachancipá,4.9918356,-73.87082,Park
234,25295,4.9911,-73.8715,Palacio Del Cerdo,4.994775354044129,-73.87037672634638,BBQ Joint
235,25486,5.0677,-73.8777,Nemocon,5.067152706825244,-73.87842177008218,City
236,25486,5.0677,-73.8777,Mina De Sal Nemocon,5.063960865541769,-73.874771536243,Other Great Outdoors
237,25486,5.0677,-73.8777,Plaza Nemocon,5.066378625631932,-73.87691155503701,Art Gallery
238,25486,5.0677,-73.8777,Restaurante El Colonial,5.067952968742625,-73.87704466304342,Caribbean Restaurant
239,25486,5.0677,-73.8777,Parque Principal Nemocón,5.066982695932436,-73.87709530808218,Plaza
240,25758,4.9075,-73.9384,Parque Principal De Sopo,4.908148845817457,-73.94052570206453,Park
241,25758,4.9075,-73.9384,Restaurante Bar El Hormiguero 1951,4.906359,-73.939654,Restaurant
242,25758,4.9075,-73.9384,La Burger House Sopó,4.909123096068941,-73.940537182884,Burger Joint
243,25758,4.9075,-73.9384,La burguer house,4.9089677423179365,-73.94059232033281,Burger Joint
244,25758,4.9075,-73.9384,Cosechas Sopó,4.9070300455981615,-73.94264459609985,Juice Bar
245,25758,4.9075,-73.9384,alpina sopo,4.9114026561245305,-73.9424999146232,Brewery
246,25758,4.9075,-73.9384,La Cabaña Alpina,4.911403518104004,-73.94235307036402,Deli / Bodega
247,25758,4.9075,-73.9384,Restautante Los Geranios,4.907518,-73.940386,Food
248,25758,4.9075,-73.9384,Fratellos Comida Italiana,4.908825,-73.941595,Italian Restaurant
249,25758,4.9075,-73.9384,El Hormiguero Carnes Al Carbon,4.906473033719263,-73.93956131079865,Restaurant
250,25758,4.9075,-73.9384,Restaurante El Fondo,4.908071,-73.941165,Argentinian Restaurant
251,25758,4.9075,-73.9384,Flanagans,4.9088907885192095,-73.94118883371021,Restaurant
252,25758,4.9075,-73.9384,pepe grillo,4.913410321772697,-73.94283145085434,Food
253,25758,4.9075,-73.9384,El Tambor Sopó,4.913662,-73.942966,BBQ Joint
254,25758,4.9075,-73.9384,Abuelita (Salón de onces),4.908227852107859,-73.94063476982208,Dessert Shop
255,25758,4.9075,-73.9384,Es Tostao,4.908768191941006,-73.9420391015829,Restaurant
256,25758,4.9075,-73.9384,Kimoshi,4.909114,-73.940578,Restaurant
257,25758,4.9075,-73.9384,Pizza & Pasta Piazza,4.908221372220755,-73.9403133067814,Restaurant
258,25758,4.9075,-73.9384,Tomillo Y Laurel,4.913970354839842,-73.9427233098473,Caribbean Restaurant
259,25758,4.9075,-73.9384,La Enrramada de Barro,4.914481526411729,-73.94308528173141,Restaurant
260,25758,4.9075,-73.9384,tostao,4.908621375535556,-73.94202968362036,Café
261,25758,4.9075,-73.9384,Nuestra Tierra Sopo,4.913550348225356,-73.94278741036025,Gastropub
262,25758,4.9075,-73.9384,Hamburguesas El Corral,4.913752243765736,-73.94262668069355,Fast Food Restaurant
263,25785,4.9173,-74.0936,Cuchipanda,4.917225265966521,-74.09804896781573,Tea Room
264,25785,4.9173,-74.0936,Parque Central Tabio,4.916409630820043,-74.09875794526481,Park
265,25785,4.9173,-74.0936,Tabiocentro,4.917652756647346,-74.09563198898688,Shopping Mall
266,25785,4.9173,-74.0936,Hisca Crepes y Café,4.917631917588738,-74.09578685409872,Café
267,25817,4.9653,-73.913,Parque Principal Tocancipa,4.965693588261127,-73.91357260519001,Park
268,25817,4.9653,-73.913,La diana panaderia,4.964482211618833,-73.91400319522864,Bakery
269,25817,4.9653,-73.913,Once Onzas Gourment,4.96478,-73.914933,Gastropub
270,25817,4.9653,-73.913,Las Delicias,4.9634587488377795,-73.91537461813537,Steakhouse
271,25899,5.0221,-74.0048,Mina de Sal de Zipaquirá,5.020465490248922,-74.00561096788515,Mountain
272,25899,5.0221,-74.0048,Hamburguesas El Corral Zipaquirá,5.023785295163073,-74.00530859020117,Burger Joint
273,25899,5.0221,-74.0048,Plaza Zipaquirá,5.0228247920972535,-74.00206456103501,Plaza
274,25899,5.0221,-74.0048,Parrilla 56,5.023709,-74.005522,BBQ Joint
275,25899,5.0221,-74.0048,Catedral de Sal de Zipaquirá,5.0190987279250825,-74.00928365632963,Theme Park
276,25899,5.0221,-74.0048,Habrá Francachela,5.024471811238914,-74.0050814830027,Pub
277,25899,5.0221,-74.0048,La Buena Mar,5.022412564447719,-74.00417596262305,Seafood Restaurant
278,25899,5.0221,-74.0048,Museo Arqueologico Zipaquira,5.021280957486477,-74.0067586582902,History Museum
279,25899,5.0221,-74.0048,Juan Valdez Café,5.023934338149186,-74.00525768354039,Café
280,25899,5.0221,-74.0048,Alma Llanera,5.021177468274703,-74.00541340047535,Latin American Restaurant
281,25899,5.0221,-74.0048,body fitness,5.020067635370302,-73.99956107500051,Gym / Fitness Center
282,25899,5.0221,-74.0048,Parque de la Independencia,5.023996719984127,-74.0050371201008,Park
283,25899,5.0221,-74.0048,La Estacion - Av. 15 No. 4-14,5.019704557325623,-74.00114638674164,Burger Joint
284,25899,5.0221,-74.0048,La Carreta  Parrilla Burger Bar,5.0235142943937365,-74.00551539625461,Burger Joint
285,25899,5.0221,-74.0048,Brasas del Llano,5.020181995872454,-74.00521858599868,BBQ Joint
286,25899,5.0221,-74.0048,Restaurante Funzipa,5.018803435900498,-74.00496837300655,Spanish Restaurant
287,25899,5.0221,-74.0048,Olímpica Zipaquirá,5.02334292696404,-74.00450917861919,Department Store
288,25899,5.0221,-74.0048,Plaza del Minero,5.019009101696617,-74.00927382959533,Plaza
289,25899,5.0221,-74.0048,Restaurante Casa Nnova,5.023229122161865,-74.003662109375,Restaurant
290,25899,5.0221,-74.0048,Sucursal Paisa,5.022485,-74.004034,Latin American Restaurant
291,25899,5.0221,-74.0048,Exito Zipaquira,5.0146082600501645,-74.00402520154236,Department Store
292,25899,5.0221,-74.0048,museo de la salmuera,5.020404156097226,-74.00973688276765,History Museum
293,25899,5.0221,-74.0048,Jeno's Pizza Casa Terracota,5.0146057453117745,-74.0040845289792,Pizza Place
294,25899,5.0221,-74.0048,Supermercados 1A,5.0276127,-73.99935,Convenience Store
295,25099,4.7318,-74.3413,Santuario De Nuestra Señora De La Salud,4.732214631306598,-74.34156676038026,Church
296,25099,4.7318,-74.3413,Plaza Principal de Bojacá,4.732356268330979,-74.34172714674465,Church
297,25099,4.7318,-74.3413,Parque Central Bojaca,4.732174503138189,-74.3417615152327,Park
298,25099,4.7318,-74.3413,Porta Morada,4.732882031738661,-74.34199063831882,Hotel
299,25214,4.8094,-74.098,Eureka Cafe,4.810360774263747,-74.10178060953861,Café
300,25214,4.8094,-74.098,La Abuela Nohemy,4.809554308814177,-74.10202744895892,Ice Cream Shop
301,25214,4.8094,-74.098,Heladería Timmy,4.8072069291288155,-74.10385330536924,Ice Cream Shop
302,25214,4.8094,-74.098,Coca Cola Station,4.810387353268889,-74.10178144595912,Burger Joint
303,25214,4.8094,-74.098,La Zarza Mora,4.810698291200306,-74.1015339803087,Deli / Bodega
304,25214,4.8094,-74.098,Empanadas De La Cima,4.810214835904525,-74.10163099884905,Diner
305,25214,4.8094,-74.098,Asadero BRAYAN,4.80422058102374,-74.09866043915667,BBQ Joint
306,25214,4.8094,-74.098,Kike parrilla,4.8066703525053525,-74.10488296666952,BBQ Joint
307,25214,4.8094,-74.098,Complejo Deportivo de Cota,4.806421114742908,-74.09871206004375,Soccer Field
308,25214,4.8094,-74.098,Arepa & Pizza,4.8118262825310465,-74.10035244974227,Burger Joint
309,25214,4.8094,-74.098,Rancho Del Campo,4.803746,-74.098124,Restaurant
310,25214,4.8094,-74.098,Campus Deportivo,4.817530622747287,-74.09867191046614,Tennis Court
311,25260,4.8531,-74.26,Tienda D1,4.852974,-74.263219,Market
312,25260,4.8531,-74.26,Parque hipódromo el Rosal,4.847851976244732,-74.2580892789071,Stables
313,25260,4.8531,-74.26,Fedepapa El Rosal,4.852396663331567,-74.26609492468673,Big Box Store
314,25260,4.8531,-74.26,Spring Rolls,4.84733586373411,-74.26398036804,Thai Restaurant
315,25260,4.8531,-74.26,Teatro de Chacao,4.85,-74.266667,Theater
316,25269,4.8137,-74.3545,"Runway ""Sandwich & Burger Shop""",4.812964792845311,-74.35583485924958,Sandwich Place
317,25269,4.8137,-74.3545,Rico Rápido,4.816005630851494,-74.35270218686966,Fast Food Restaurant
318,25269,4.8137,-74.3545,Maria José Parrilla,4.807428359985352,-74.35179901123047,BBQ Joint
319,25269,4.8137,-74.3545,Donatello Gourmet,4.812790870666504,-74.35575866699219,Fast Food Restaurant
320,25269,4.8137,-74.3545,Parque Principal de Facatativá,4.809617467392372,-74.35420820424957,Park
321,25269,4.8137,-74.3545,Luna Cafe Parrilla & Bar,4.810044834081771,-74.35480388243792,Restaurant
322,25269,4.8137,-74.3545,El Pórtico,4.818080878448898,-74.35833175778653,Shopping Mall
323,25269,4.8137,-74.3545,Nova Plaza,4.818329808763815,-74.35184265502684,Shopping Mall
324,25269,4.8137,-74.3545,chile chipotle,4.818840030472382,-74.35938022877491,Mexican Restaurant
325,25269,4.8137,-74.3545,Buses Intermunicipales Facatativá - Bogotá,4.814443032970324,-74.35968445182367,Bus Line
326,25269,4.8137,-74.3545,Transgalaxia,4.815629616078509,-74.36075967168595,Bus Station
327,25269,4.8137,-74.3545,Mercados Zapatoca,4.818662100637312,-74.3595119616731,Department Store
328,25286,4.7164,-74.212,Delicias Margarita,4.716781296050539,-74.21203712599421,Dessert Shop
329,25286,4.7164,-74.212,Parque Principal Funza,4.716286201164621,-74.21218514442444,Park
330,25286,4.7164,-74.212,Cáceres Pastelería - Panadería,4.716204529455997,-74.21267980141612,Bakery
331,25286,4.7164,-74.212,Mercados Zapatoca,4.713340288612031,-74.21887546875053,Department Store
332,25286,4.7164,-74.212,Centro Comercial Micentro,4.717440941879135,-74.20977324116151,Shopping Mall
333,25286,4.7164,-74.212,Cineland,4.715136127679264,-74.20890733875868,Multiplex
334,25286,4.7164,-74.212,Supermercado 1Ya Danubio,4.709353406869695,-74.20762644047545,Supermarket
335,25286,4.7164,-74.212,Coliseo Municipal,4.710522928068485,-74.20599532782383,Athletics & Sports
336,25430,4.7324,-74.2642,Obleas De Villetica,4.73201188676611,-74.2614764327632,Dessert Shop
337,25430,4.7324,-74.2642,Luna Cafe Restaurante Parrilla,4.732481900335341,-74.26251082267656,Breakfast Spot
338,25430,4.7324,-74.2642,Centro Comercial Casa Blanca,4.7275515,-74.257286,Shopping Mall
339,25430,4.7324,-74.2642,Parque Central Madrid,4.730601,-74.26403,Park
340,25430,4.7324,-74.2642,Pizzeria 90 grados,4.72963382285837,-74.26686280640178,Pizza Place
341,25430,4.7324,-74.2642,Panadería Bizcochería y Jamones ROA,4.729673093058886,-74.25828695297241,Bakery
342,25473,4.7059,-74.2302,La Carreta,4.706654186766995,-74.23138626662264,South American Restaurant
343,25473,4.7059,-74.2302,C&C Beer Company,4.706565301896682,-74.23120734456062,Pub
344,25473,4.7059,-74.2302,BIG QATE,4.705874,-74.231413,Burrito Place
345,25473,4.7059,-74.2302,Cassarola,4.70533589934359,-74.23080647195162,Italian Restaurant
346,25473,4.7059,-74.2302,Parque Principal Mosquera,4.705156792250725,-74.23017852577668,Park
347,25473,4.7059,-74.2302,Athletic Life,4.7071449841427695,-74.22942811962136,Gymnastics Gym
348,25473,4.7059,-74.2302,Pepinos,4.706136326332448,-74.23129457895338,Argentinian Restaurant
349,25473,4.7059,-74.2302,Berrie*S,4.7059320718523425,-74.2315942247962,Ice Cream Shop
350,25473,4.7059,-74.2302,Tartaleta Boutique Pastelería,4.706104,-74.231164,Café
351,25473,4.7059,-74.2302,Palos  y Carbón Parrilla Bar,4.705866526380958,-74.22164909724926,BBQ Joint
352,25473,4.7059,-74.2302,Tiendas Metro Mosquera,4.703456782845651,-74.22313425793178,Department Store
353,25473,4.7059,-74.2302,viandas,4.705468654632568,-74.23096466064453,Breakfast Spot
354,25473,4.7059,-74.2302,Casa San Cipriano,4.705926465750651,-74.2319178912791,Food
355,25473,4.7059,-74.2302,Centro Comercial El Trébol,4.710996539967567,-74.22312279429782,Shopping Mall
356,25769,4.9261,-74.173,Parque Subachoque,4.9286659959179,-74.17346137659935,Park
357,25769,4.9261,-74.173,El Amigo Cerdo,4.928253974710773,-74.17431564505007,South American Restaurant
358,25769,4.9261,-74.173,Restaurante Ubasá,4.929114,-74.174189,South American Restaurant
359,25769,4.9261,-74.173,"El Trasto, subachoque",4.924593448638916,-74.1766128540039,Mediterranean Restaurant
360,25799,4.8727,-74.1444,Tenjo Parque Principal,4.872037461370249,-74.14506761637436,Park
361,25799,4.8727,-74.1444,Delicias de Tenjo,4.871755452077477,-74.14446679145769,Snack Place
362,25799,4.8727,-74.1444,Eureka,4.872723,-74.14563,Restaurant
363,25799,4.8727,-74.1444,La iguana comida sana,4.872493786781432,-74.14571558366457,Restaurant
364,25799,4.8727,-74.1444,VIDRIOS Y ALUMINIOS,4.867799190707676,-74.1429185084595,Furniture / Home Store
365,25898,4.7588,-74.3802,El verdadero Pan de Maíz,4.760906872811457,-74.37982630709058,Snack Place
366,25898,4.7588,-74.3802,Restaurante Zipatron,4.759801951643011,-74.38048489544856,Arepa Restaurant
367,25898,4.7588,-74.3802,Parque Principal,4.759689743635224,-74.37991574406624,Plaza
368,25898,4.7588,-74.3802,Café Obague Zipacón,4.760106006548767,-74.38010692329618,Café
369,25740,4.4915,-74.2596,La Vaca Que Ríe Sibaté,4.486882745940088,-74.26004344529322,Dessert Shop
370,25740,4.4915,-74.2596,Amaretto Cafe y Pastel,4.492180770605893,-74.25940556957285,Café
371,25740,4.4915,-74.2596,Plaza principal Sibate,4.491215990547416,-74.25958499171274,Plaza
372,25740,4.4915,-74.2596,Asadero y Restaurante El Chiguiro 2,4.489003249013155,-74.25993456267203,BBQ Joint
373,25754,4.5794,-74.2168,Def Jamaica,4.582888785616468,-74.214372888243,Bar
374,25754,4.5794,-74.2168,La Gallina Ardiente,4.583026221741143,-74.2126863547271,BBQ Joint
375,25754,4.5794,-74.2168,Cocheros Pontevedra,4.581715259893594,-74.22545562907655,Food Truck
376,25754,4.5794,-74.2168,Plaza Principal Soacha,4.581789416953603,-74.21959769296969,Plaza
377,25754,4.5794,-74.2168,La Negra Restaurante,4.582242,-74.217595,Latin American Restaurant
378,25754,4.5794,-74.2168,Teatro sua,4.585252045162041,-74.21995880401619,Theater
379,25053,4.2725,-74.4151,Parque Principal Arbelaéz,4.271791761115469,-74.41499152563821,Park
380,25053,4.2725,-74.4151,Heladeria Y Fruteria Las Delicias,4.272239,-74.416185,Juice Bar
381,25053,4.2725,-74.4151,capilla ansianato arbelaez,4.271161,-74.418455,Recreation Center
382,25120,6.5928,-73.2465,Cabrera,6.592901171010325,-73.24695930432983,Plaza
383,25120,6.5928,-73.2465,Parque Nacional Cabo Frances Viejo,6.59465,-73.24374999999999,Park
384,25290,4.3365,-74.3638,chilli peppers,4.341029548639983,-74.36150243638629,Mexican Restaurant
385,25290,4.3365,-74.3638,Mr Beef & Pizza,4.332932,-74.368974,Pizza Place
386,25290,4.3365,-74.3638,Heladeria Napoles,4.341468655476981,-74.36156797958841,Ice Cream Shop
387,25290,4.3365,-74.3638,Yanca,4.338880030287101,-74.36749950622968,Pizza Place
388,25290,4.3365,-74.3638,Café Oma Fusagasugá Éxito,4.332255632642353,-74.37007891597358,Café
389,25290,4.3365,-74.3638,Rapi Jugos,4.3417923686714746,-74.36109847637368,Fast Food Restaurant
390,25290,4.3365,-74.3638,Mr. Beef,4.332946088367864,-74.36899356043733,BBQ Joint
391,25290,4.3365,-74.3638,Parque Central de Fusagasugá,4.343648205205447,-74.36187168242533,Rest Area
392,25290,4.3365,-74.3638,Plaza De Mercado Fusagasuga,4.3417571200707625,-74.36499311000776,Farmers Market
393,25290,4.3365,-74.3638,Cassati,4.333961280343574,-74.3692713820978,Pizza Place
394,25290,4.3365,-74.3638,Éxito,4.332325390688881,-74.36996164258574,Supermarket
395,25312,3.5462,-73.7069,Parque central Granada,3.54102999198878,-73.7078497508438,Park
396,25312,3.5462,-73.7069,San Remo,3.550921193128379,-73.71252788520746,Fast Food Restaurant
397,25312,3.5462,-73.7069,Hotel Alhambra,3.541615314209651,-73.7076026228035,Hotel
398,25312,3.5462,-73.7069,Maria Jose Heladeria,3.541182,-73.706965,Ice Cream Shop
399,25312,3.5462,-73.7069,Palo De Agua,3.539606955987167,-73.70556236815844,Bar
400,25312,3.5462,-73.7069,La Catedra,3.538335740859778,-73.70634973647078,Restaurant
401,25524,4.1911,-74.4875,"Pandi, parque central",4.191601661792273,-74.48713827682427,Park
402,25524,4.1911,-74.4875,Plaza,4.1916506055933676,-74.48876943776027,Stables
403,25649,1.5152,-77.0468,Hotel Salomé,1.516677,-77.045236,Hotel
404,25743,4.4037,-74.3867,Embajada Paisa,4.403539409075816,-74.38412203725672,Arepa Restaurant
405,25743,4.4037,-74.3867,Parque Santa Anita,4.401244809594462,-74.38684730672797,Park
406,25743,4.4037,-74.3867,La cabaña,4.401105019078841,-74.38590240848463,Dessert Shop
407,25743,4.4037,-74.3867,chinauta,4.398687024929954,-74.38746005625053,Pool
408,25506,5.9628,-75.7381,Parque de Venecia,5.96328482973641,-75.73414226315225,Plaza
409,25506,5.9628,-75.7381,Hosteria Las dos Palmas,5.962384493148233,-75.73535746029992,Pool
410,25506,5.9628,-75.7381,Parque Ecologico La Italia,5.962584,-75.743732,Campground
411,25035,4.551,-74.5352,Parque Anapoima,4.549539491831227,-74.53546570410658,Plaza
412,25035,4.551,-74.5352,Hotel Anapoima,4.5515073498459095,-74.53493929621058,Hotel
413,25035,4.551,-74.5352,Bruno Restaurante & Café,4.549503255071801,-74.53532838046108,BBQ Joint
414,25035,4.551,-74.5352,Colsubsidio Anapoima,4.557274300450638,-74.52892247854611,Big Box Store
415,25035,4.551,-74.5352,Supermercado Anapoima,4.549090579107043,-74.53542479309066,Convenience Store
416,25035,4.551,-74.5352,El Corralito,4.549767677754108,-74.5351052293061,Pizza Place
417,25035,4.551,-74.5352,El Arriero Paisa,4.5508169467944475,-74.53416684696026,Colombian Restaurant
418,25040,4.7618,-74.464,Parque Principal,4.761240312606688,-74.46476408890132,Park
419,25040,4.7618,-74.464,Yarakuá,4.762073740979972,-74.46397988183656,Salad Place
420,25040,4.7618,-74.464,Punto 2,4.75609,-74.463098,Fried Chicken Joint
421,25599,4.5195,-74.5929,Parque Apulo,4.519362140984905,-74.59408153228149,Park
422,25599,4.5195,-74.5929,Estadio Municipal de la Paz,4.521308,-74.590858,Soccer Field
423,25599,4.5195,-74.5929,Gym,4.516751176470588,-74.59049,Gym / Fitness Center
424,25599,4.5195,-74.5929,Polideportivo Apulo,4.517985,-74.588602,Basketball Stadium
425,25123,4.7304,-74.4366,Cachipay,4.730385667058977,-74.43675371591445,General Travel
426,25123,4.7304,-74.4366,Parque Principal Cachipay,4.730804581242787,-74.43697699210503,Plaza
427,25245,4.581,-74.4429,Mestizo Cocina De Origen,4.5830555642631765,-74.44617687123932,Latin American Restaurant
428,25245,4.581,-74.4429,Zorba,4.583121,-74.441129,Latin American Restaurant
429,25245,4.581,-74.4429,"Mesitas del Colegio, Santa Clara.",4.581256450006187,-74.4455013518982,Farm
430,25245,4.581,-74.4429,Someday Gourmet (Mesitas),4.583149713340739,-74.44605092715113,Diner
431,25386,4.6303,-74.4625,Parque Principal La Mesa,4.6321044560427325,-74.46290946218203,Park
432,25386,4.6303,-74.4625,Roa Velez,4.630448143604687,-74.46269194295489,Bakery
433,25386,4.6303,-74.4625,Juan Jose,4.631832280484708,-74.45531448725565,Arepa Restaurant
434,25386,4.6303,-74.4625,Hamburguesas del Camino,4.630192,-74.462724,Burger Joint
435,25386,4.6303,-74.4625,Colsubsidio la Mesa,4.629379558886859,-74.4642596712068,Shopping Mall
436,25596,4.7452,-74.5338,RED POINT,4.743915,-74.533672,Pub
437,25645,4.6162,-74.352,Anne Spa Hotel,4.61618,-74.35216,Hotel
438,25797,4.66,-74.3926,Tena,4.6549614185820225,-74.39020308675197,Farm
439,25797,4.66,-74.3926,Parador La Vaca,4.668348789215088,-74.39376068115234,Bakery
440,25878,4.4371,-74.5216,Supermercado Brayan,4.4374037,-74.52112,Supermarket
441,25878,4.4371,-74.5216,Supermercado La Colmena,4.435388,-74.522374,Grocery Store
442,25878,4.4371,-74.5216,parque principal viotá,4.438922862398038,-74.52208186171919,Park
443,25878,4.4371,-74.5216,Restaurante Y Pescaderia MARIREN,4.4390225,-74.52123,Restaurant
444,25878,4.4371,-74.5216,Tiendas Ara,4.439065,-74.521361,Grocery Store
445,25878,4.4371,-74.5216,Parque Central De Viotá,4.439218044281006,-74.52223205566406,Park
446,25878,4.4371,-74.5216,Drigueria Viofarma,4.43486,-74.522493,Pharmacy
447,25154,5.3486,-73.9017,La Esquinita,5.348782,-73.901836,Café
448,25154,5.3486,-73.9017,finca Buenavista,5.346540905607129,-73.90040183142311,Farm
449,25224,5.2496,-73.7661,"Cucunuba, Cundinamarca.",5.249986843770487,-73.7684789248586,Plaza
450,25224,5.2496,-73.7661,La posada de Don Pedro,5.250006558596089,-73.76716896264895,Boarding House
451,25224,5.2496,-73.7661,Sala De Onces Mariela,5.2505274,-73.76687,Cafeteria
452,25224,5.2496,-73.7661,Plaza Cucunuba,5.249765707167217,-73.76688743456359,Food
453,25288,5.4043,-73.7964,Cafeteria El Provinciano,5.404824,-73.796097,Coffee Shop
454,25317,5.3842,-73.6862,Represa Del Guavio,5.3838806,-73.685104,Nature Preserve
455,25317,5.3842,-73.6862,plaza de mercado Guachetá,5.383453482980074,-73.6840781030353,Fruit & Vegetable Store
456,25407,5.3071,-73.7115,Lenguazaque,5.30651369810426,-73.71196467573975,Mountain
457,25745,5.5029,-73.8523,Taller Tractoristas Hermanos Ramirez,5.502663,-73.854204,Auto Workshop
458,25745,5.5029,-73.8523,La Rueda,5.5047802657687175,-73.8514658432044,Cafeteria
459,25779,5.4519,-73.8144,Lacteos El Trebol,5.453313,-73.812173,Cheese Shop
460,25781,5.2478,-73.8524,Restaurante El Zaque,5.248352149970858,-73.85475657091474,Restaurant
461,25843,5.3093,-73.8157,Plaza Principal Ubate,5.308980920448164,-73.81404646795036,Plaza
462,25843,5.3093,-73.8157,La cantina,5.306819983919019,-73.81439670343813,Latin American Restaurant
463,25843,5.3093,-73.8157,Panadería San Antonio,5.310083784212957,-73.81207273896545,Bakery
464,25843,5.3093,-73.8157,Plaza Ubaté,5.309125725991416,-73.81212217988724,Food Court
465,25843,5.3093,-73.8157,Restaurante La Rueca,5.306314,-73.81524,Latin American Restaurant
466,25843,5.3093,-73.8157,Plaza de Mercado,5.312525783285281,-73.80859366071174,Market
467,11001,4.6126,-74.0705,Leo Cocina y Cava,4.614607728829146,-74.0690856124495,Restaurant
468,11001,4.6126,-74.0705,Home Burgers,4.614485065541174,-74.0687534416301,Burger Joint
469,11001,4.6126,-74.0705,Planetario de Bogotá,4.612061317019337,-74.0690199436097,Planetarium
470,11001,4.6126,-74.0705,Starbucks,4.6153951048372805,-74.06988859176636,Coffee Shop
471,11001,4.6126,-74.0705,Cevicheria Brisas del Caribe,4.610547634832835,-74.07114860844449,Caribbean Restaurant
472,11001,4.6126,-74.0705,"Frida ""Restaurante Mexicano""",4.613006762322518,-74.07013486785588,Mexican Restaurant
473,11001,4.6126,-74.0705,Museo Nacional de Colombia,4.6155448214597765,-74.06830072402954,History Museum
474,11001,4.6126,-74.0705,BBC La Bodega - Terraza Pasteur,4.609754998450363,-74.0701501819742,Brewery
475,11001,4.6126,-74.0705,EL BOLICHE la MACARENA,4.613754857228324,-74.06768691874542,Restaurant
476,11001,4.6126,-74.0705,Azimos,4.613427,-74.066986,Café
477,11001,4.6126,-74.0705,La Luvina,4.612971584682187,-74.06718198887262,Bookstore
478,11001,4.6126,-74.0705,La Chocolatera,4.612123931542156,-74.06684281880771,Dessert Shop
479,11001,4.6126,-74.0705,WOK Museo Nacional,4.6161323482680015,-74.06820566210953,Asian Restaurant
480,11001,4.6126,-74.0705,Centro Cultural Teatro Municipal Jorge Eliécer Gaitán,4.608621157949594,-74.07053063846604,Theater
481,11001,4.6126,-74.0705,Anna y Otto,4.6135035,-74.06651,Pizza Place
482,11001,4.6126,-74.0705,La Molina,4.612717545810375,-74.06650935077766,Peruvian Restaurant
483,11001,4.6126,-74.0705,Cinemateca Distrital,4.608639112926065,-74.07054186379814,Movie Theater
484,11001,4.6126,-74.0705,Tapas La Macarena,4.61196182666608,-74.06682361820629,Tapas Restaurant
485,11001,4.6126,-74.0705,Crepes & Waffles,4.615179799628057,-74.07002734897813,Restaurant
486,11001,4.6126,-74.0705,La Tapería,4.613659327894658,-74.06641542348893,Tapas Restaurant
487,11001,4.6126,-74.0705,Museo de Arte Moderno de Bogotá,4.610174924026958,-74.0693594796018,Art Museum
488,11001,4.6126,-74.0705,Juan Valdez Café,4.615277470326019,-74.06999588012695,Coffee Shop
489,11001,4.6126,-74.0705,Sandwich Taller,4.612328954285426,-74.0667732356949,Sandwich Place
490,11001,4.6126,-74.0705,Hotel Ibis,4.615121547010132,-74.06902197918397,Hotel
491,11001,4.6126,-74.0705,de té en té Tea Bar,4.616466,-74.070204,Tea Room
492,11001,4.6126,-74.0705,Artesano,4.614104825494111,-74.06631384622601,Restaurant
493,11001,4.6126,-74.0705,Tábula,4.615956986459275,-74.06746711832915,Restaurant
494,11001,4.6126,-74.0705,Donostia,4.615845153653145,-74.06738235751016,Spanish Restaurant
495,11001,4.6126,-74.0705,El Patio,4.614710777077845,-74.06620060411426,Italian Restaurant
496,11001,4.6126,-74.0705,BBC La Macarena,4.614018302308877,-74.06629192909443,Brewery
497,11001,4.6126,-74.0705,Restaurante Riviera Maya,4.617518719027089,-74.0701065676692,Mexican Restaurant
498,11001,4.6126,-74.0705,Lima Restaurante,4.614135483958555,-74.06631459667275,Peruvian Restaurant
499,11001,4.6126,-74.0705,El taller del sandwich,4.612544030665796,-74.06669292293297,Sandwich Place
500,11001,4.6126,-74.0705,Beograd,4.612079713058143,-74.06703985815965,Eastern European Restaurant
501,11001,4.6126,-74.0705,Panadería y Bizcochería El Cometa,4.608583221789414,-74.07165119342396,Bakery
502,11001,4.6126,-74.0705,Soca Espresso Bar,4.617579,-74.070993,Café
503,11001,4.6126,-74.0705,Jirufante,4.613844331485254,-74.06644624780814,Hot Dog Joint
504,11001,4.6126,-74.0705,Marie Antoinette,4.6164333594520395,-74.06820755030832,Café
505,11001,4.6126,-74.0705,El Libertador Grand Bar,4.615878272256267,-74.06743868298202,Lounge
506,11001,4.6126,-74.0705,Parque Central Bavaria,4.617211178333804,-74.0703012269399,Park
507,11001,4.6126,-74.0705,Lima Canton Chifa Gourmet,4.616405981509023,-74.06828578633272,Latin American Restaurant
508,11001,4.6126,-74.0705,Juan Valdez Café,4.615905333339553,-74.06821461948725,Coffee Shop
509,11001,4.6126,-74.0705,CERDO Rey Burger,4.608324622285709,-74.07062100939558,Burger Joint
510,11001,4.6126,-74.0705,Plaza de Mercado La Perseverancia,4.61655579224496,-74.06610733612429,Farmers Market
511,11001,4.6126,-74.0705,Restaurante Liberty,4.61442481726106,-74.06629056734401,Mediterranean Restaurant
512,11001,4.6126,-74.0705,Restaurante Florida,4.607428418551867,-74.07089970786758,Restaurant
513,11001,4.6126,-74.0705,Gaudí,4.614474208843073,-74.06619916722215,Spanish Restaurant
514,11001,4.6126,-74.0705,Santa Fe Restaurante,4.610244566447289,-74.06425595283508,Restaurant
515,11001,4.6126,-74.0705,El Antioqueño,4.606883438194508,-74.07074661828807,South American Restaurant
516,11001,4.6126,-74.0705,Bogota Beer Company,4.618799446453717,-74.06804873304486,Bar
517,11001,4.6126,-74.0705,Restaurante El Envigadeño,4.608179771316459,-74.06884825200756,South American Restaurant
518,11001,4.6126,-74.0705,Recoleta café,4.608878137625268,-74.06856879068312,Breakfast Spot
519,11001,4.6126,-74.0705,Empanadas de la Cima U. Tadeo,4.607187677317765,-74.06735263389564,Breakfast Spot
520,11001,4.6126,-74.0705,optica alemana,4.606688499450684,-74.07341766357422,Optical Shop
521,11001,4.6126,-74.0705,Céntrico,4.618936969318055,-74.06791053322564,Restaurant
522,11001,4.6126,-74.0705,Cafeteria Salerno,4.605857483953913,-74.07134931598473,Café
523,11001,4.6126,-74.0705,El Manolo,4.605826973375208,-74.07587130345829,BBQ Joint
524,11001,4.6126,-74.0705,"Don Teo, Fogon Y Parrilla",4.62071288907065,-74.06917707473315,Restaurant
525,11001,4.6126,-74.0705,BAUM,4.619380567391877,-74.06649377615632,Beer Garden
526,11001,4.6126,-74.0705,Cafe Dela Fonda,4.6178382150498365,-74.07777837971501,Café
527,11001,4.6126,-74.0705,Sierra Nevada,4.61894099425439,-74.06821536546703,Burger Joint
528,11001,4.6126,-74.0705,La Boca De Los 4 Mares,4.617454251296644,-74.06742720977276,Seafood Restaurant
529,11001,4.6126,-74.0705,Juan Valdez Café,4.606741652561206,-74.07115806728274,Coffee Shop
530,11001,4.6126,-74.0705,El Khalifa Express,4.604943,-74.070871,Middle Eastern Restaurant
531,11001,4.6126,-74.0705,Cafe Quimbay,4.604938566346178,-74.07085520981033,Cocktail Bar
532,11001,4.6126,-74.0705,El Rincón del Pacífico,4.6043404777585835,-74.06846840066854,Seafood Restaurant
533,11001,4.6126,-74.0705,Royal Films Multicine San Martin,4.619426278996826,-74.06751272379078,Multiplex
534,11001,4.6126,-74.0705,"Centro De Memoria, Paz Y Reconciliacion",4.6188973800401,-74.07670563983613,Monument / Landmark
535,11001,4.6126,-74.0705,Cosechas,4.620794506147816,-74.0701007285382,Juice Bar
536,11001,4.6126,-74.0705,Conocook,4.604547831627643,-74.06752473202924,Pizza Place
537,11001,4.6126,-74.0705,Marandúa Cigarrería - Delikatessen,4.603754442949796,-74.06925808636133,Deli / Bodega
538,11001,4.6126,-74.0705,Spinning Center Gym San Martín,4.618597165492692,-74.06765426813925,Gym / Fitness Center
539,11001,4.6126,-74.0705,Buffalo Wings,4.6187645442163054,-74.06816280620905,Wings Joint
540,11001,4.6126,-74.0705,La Romana,4.605794646926541,-74.07127537481209,Italian Restaurant
541,11001,4.6126,-74.0705,Crepes & Waffles,4.618553594795314,-74.0676949309849,Restaurant
542,11001,4.6126,-74.0705,Oma - San Martin,4.618913131719323,-74.0680019725566,Breakfast Spot
543,11001,4.6126,-74.0705,KFC,4.620876885976863,-74.06730862325955,Fast Food Restaurant
544,11001,4.6126,-74.0705,Hotel El Virrey,4.603839,-74.07108,Hotel
545,11001,4.6126,-74.0705,Buffet King,4.618929,-74.067902,Asian Restaurant
546,11001,4.6126,-74.0705,Carulla,4.604602,-74.070244,Supermarket
547,11001,4.6126,-74.0705,Gallery Sandwich Art,4.618016738735664,-74.07072088907132,Sandwich Place
548,11001,4.6126,-74.0705,Aprisa Pizza,4.620536581504681,-74.06904618025418,Pizza Place
549,11001,4.6126,-74.0705,Hotel Inter bogota,4.604245074857236,-74.06732531669911,Hotel
550,11001,4.6126,-74.0705,MAC GYM,4.618675324639702,-74.07272641249786,Gym
551,11001,4.6126,-74.0705,Trattoria Da Paolo,4.620357124640039,-74.06969547271729,Italian Restaurant
552,11001,4.6126,-74.0705,Tostao',4.603633,-74.070465,Coffee Shop
553,11001,4.6126,-74.0705,Moulin Blue,4.603705545232919,-74.06933028205452,Bar
554,11001,4.6126,-74.0705,Colombia Beer,4.603660846196292,-74.06946260966046,Brewery
555,11001,4.6126,-74.0705,Chimox Pub,4.6039677451394025,-74.06875092668591,Pub
556,11001,4.6126,-74.0705,Edifico BD Bacata,4.604840003411091,-74.07029628753662,Building
557,11001,4.6126,-74.0705,Restaurante Las Acacias,4.621133674080754,-74.07185382151592,Latin American Restaurant
558,11001,4.6126,-74.0705,Subway Centro,4.604044515987869,-74.07316946398525,Sandwich Place
559,11001,4.6126,-74.0705,CC Megacentro,4.607295013386267,-74.07730326055804,Motorcycle Shop
560,11001,4.6126,-74.0705,Kion thai food,4.618009847443862,-74.07070125300014,Thai Restaurant
561,11001,4.6126,-74.0705,Sandwich Qbano Bacatá,4.604427300650604,-74.07004633236204,Sandwich Place
562,11001,4.6126,-74.0705,Hamburguesas El Corral,4.619710002665377,-74.06777654709487,Burger Joint
563,11001,4.6126,-74.0705,Subway,4.60654746016607,-74.0712717501614,Sandwich Place
564,11001,4.6126,-74.0705,enBoga Lounge,4.605161356293761,-74.07096666181208,Bar
565,11001,4.6126,-74.0705,Restaurante Govindas,4.620592305676357,-74.07021475421263,Vegetarian / Vegan Restaurant
566,11001,4.6126,-74.0705,Rancho carnes,4.617662932685579,-74.06680648202757,BBQ Joint
